Year,Month,Day,Hour,Minute,Second,Latitude (WGS84),Longitude (WGS84),Depth [km],Magnitude [ML],ML Standard Deviation,Magnitude [MA],MA Standard Deviation,Identifier
2007,1,1,2,41,13.28,-21.65559,-68.41471,121.33,2.345,0.02,2.394,0.029,ID
2007,1,1,2,47,7.83,-20.54848,-69.05857,102.79,1.114,0.033,1.305,0.031,ID
2007,1,1,3,50,29.15,-21.86299,-68.53639,110.95,2.779,0.031,2.917,0.031,ID
2007,1,1,4,19,27.82,-20.29515,-69.13106,95.79,1.401,0.017,1.571,0.023,ID
2007,1,1,5,40,2.58,-21.23847,-70.05151,34.64,1.995,0.022,2.222,0.018,UP
2007,1,1,5,52,18.34,-21.81947,-68.68601,106.65,2.053,0.022,2.162,0.02,ID
2007,1,1,5,55,30.73,-21.52831,-69.56314,56.78,1.144,0.022,1.401,0.026,UP
2007,1,1,6,22,52.13,-22.29284,-68.86361,120.28,2.248,0.032,2.268,0.03,ID
2007,1,1,6,52,0.79,-20.48489,-68.92768,99.12,1.381,0.016,1.561,0.016,ID
2007,1,1,7,27,2.23,-20.7482,-69.32454,87.02,1.256,0.033,1.466,0.031,ID
2007,1,1,11,11,46.61,-19.92601,-69.16119,103.3,2.145,0.024,2.296,0.022,ID
2007,1,1,11,39,56.23,-20.21455,-69.06602,101.12,1.365,0.012,1.513,0.014,ID
2007,1,1,13,28,27.76,-21.07546,-68.13521,141.74,2.592,0.027,2.585,0.029,ID
2007,1,1,13,51,13.99,-21.05603,-68.91422,113.24,1.332,0.041,1.431,0.038,ID
2007,1,1,14,7,41.33,-20.19024,-70.47746,42.68,1.511,0.05,1.77,0.043,P2
2007,1,1,17,0,35.48,-20.96675,-68.77356,6.46,1.437,0.016,1.628,0.016,MI
2007,1,1,17,21,31.12,-21.00206,-68.82029,4.77,1.704,0.031,1.939,0.031,MI
2007,1,1,17,32,13.06,-20.03404,-69.24281,8.44,1.833,0.02,2.076,0.017,MI
2007,1,1,19,18,54.98,-20.87787,-69.13158,109.27,2.584,0.028,2.705,0.027,ID
2007,1,1,19,39,2.0,-19.90633,-69.19663,97.8,2.206,0.032,2.359,0.031,ID
2007,1,1,20,4,14.24,-20.85975,-69.1578,96.8,2.066,0.039,2.217,0.044,ID
2007,1,1,21,11,10.04,-21.63074,-68.43885,112.86,2.781,0.021,2.879,0.023,ID
2007,1,2,1,17,23.13,-20.861,-69.16112,100.7,1.925,0.034,2.054,0.029,ID
2007,1,2,2,35,17.3,-20.00083,-69.18503,96.95,2.649,0.023,2.826,0.017,ID
2007,1,2,3,24,43.73,-20.47811,-69.8288,84.4,1.021,0.018,1.239,0.02,P3
2007,1,2,5,10,19.88,-19.98292,-69.2093,95.64,1.546,0.026,1.732,0.026,ID
2007,1,2,5,38,23.85,-19.93855,-69.16641,101.68,1.386,0.015,1.543,0.01,ID
2007,1,2,5,48,36.48,-21.12302,-68.49404,138.43,3.229,0.025,3.239,0.027,ID
2007,1,2,5,57,3.56,-20.53301,-68.95738,94.61,1.009,0.027,1.233,0.026,ID
2007,1,2,6,19,33.68,-21.45439,-68.79883,96.05,1.949,0.031,2.135,0.026,ID
2007,1,2,7,43,14.37,-21.41891,-68.35708,134.97,2.628,0.021,2.631,0.023,ID
2007,1,2,8,21,24.52,-20.52727,-69.05671,105.72,1.509,0.017,1.642,0.019,ID
2007,1,2,11,59,14.03,-20.59272,-69.16331,111.82,1.637,0.023,1.738,0.028,ID
2007,1,2,12,51,10.85,-20.01641,-69.17347,99.7,1.24,0.03,1.404,0.035,ID
2007,1,2,12,53,17.64,-21.89217,-68.58023,110.11,2.097,0.051,2.194,0.043,ID
2007,1,2,21,23,36.28,-19.78401,-69.14469,106.09,2.621,0.024,2.72,0.048,ID
2007,1,2,21,39,36.76,-21.13805,-68.89959,106.07,1.798,0.014,1.899,0.022,ID
2007,1,2,22,3,34.82,-20.72536,-67.99874,174.36,2.427,0.019,2.407,0.021,NN
2007,1,3,1,10,23.75,-20.52842,-70.48807,28.93,1.037,0.034,1.265,0.028,P1
2007,1,3,1,35,44.22,-21.14162,-68.76067,113.63,1.538,0.021,1.664,0.017,ID
2007,1,3,1,51,12.99,-20.02406,-69.19589,99.07,1.238,0.023,1.411,0.025,ID
2007,1,3,3,1,56.04,-21.84312,-68.43713,104.61,1.328,0.027,1.49,0.022,ID
2007,1,3,3,17,10.65,-19.82469,-69.20448,104.4,1.509,0.023,1.658,0.019,ID
2007,1,3,3,20,42.73,-20.75669,-69.73074,61.2,0.91,0.025,1.199,0.025,P1
2007,1,3,3,32,5.77,-21.2362,-68.69467,117.48,2.407,0.017,2.465,0.02,ID
2007,1,3,3,55,42.08,-20.55582,-69.21108,88.12,1.547,0.025,1.731,0.029,ID
2007,1,3,5,19,31.08,-22.18743,-68.453,120.4,2.658,0.027,2.716,0.027,ID
2007,1,3,6,20,44.6,-19.84202,-69.01892,106.17,3.064,0.048,3.234,0.05,ID
2007,1,3,6,32,51.26,-21.10185,-68.92885,110.48,1.551,0.011,1.663,0.01,ID
2007,1,3,7,29,6.21,-19.77734,-69.1558,98.03,2.046,0.029,2.207,0.025,ID
2007,1,3,8,4,46.43,-21.84506,-68.38057,133.62,2.43,0.019,2.426,0.023,ID
2007,1,3,10,42,3.89,-21.68854,-68.70043,124.43,2.105,0.011,2.157,0.011,ID
2007,1,3,10,49,37.32,-20.49198,-68.78936,109.24,1.238,0.038,1.398,0.033,ID
2007,1,3,11,5,23.39,-20.2699,-69.24753,86.68,1.079,0.02,1.309,0.022,ID
2007,1,3,11,17,30.97,-21.83278,-68.68531,106.83,2.107,0.021,2.232,0.026,ID
2007,1,3,12,33,52.9,-20.76384,-69.08657,106.25,2.287,0.024,2.39,0.025,ID
2007,1,3,13,25,37.57,-21.28543,-68.71766,117.87,2.217,0.024,2.307,0.028,ID
2007,1,3,13,37,52.66,-21.36974,-68.71057,102.0,1.309,0.026,1.485,0.024,ID
2007,1,3,15,44,31.23,-20.98417,-68.85387,3.76,1.371,0.015,1.512,0.013,MI
2007,1,3,17,19,0.52,-20.9685,-68.70245,1.01,1.641,0.027,1.811,0.028,MI
2007,1,3,18,12,40.72,-20.90728,-69.08891,107.4,1.525,0.017,1.637,0.02,ID
2007,1,3,18,48,49.22,-21.077,-68.48091,119.82,2.257,0.029,2.318,0.022,ID
2007,1,3,19,38,26.44,-20.86658,-70.02093,10.21,1.521,0.02,1.741,0.024,MI
2007,1,3,20,54,47.56,-20.80801,-69.1571,105.51,1.693,0.029,1.836,0.025,ID
2007,1,3,21,37,44.0,-20.89053,-69.97721,79.62,1.39,0.045,1.639,0.049,P3
2007,1,3,23,6,41.48,-21.56273,-68.66645,97.31,1.563,0.017,1.716,0.014,ID
2007,1,3,23,16,34.06,-20.70364,-69.12128,95.73,1.206,0.016,1.39,0.011,ID
2007,1,3,23,56,57.64,-19.38274,-69.32558,87.81,1.885,0.037,2.099,0.034,ID
2007,1,4,0,34,38.89,-22.3558,-70.383,60.51,3.302,0.018,3.632,0.015,P3
2007,1,4,0,55,59.8,-20.13661,-69.18965,94.11,1.596,0.018,1.76,0.02,ID
2007,1,4,1,1,13.65,-21.09223,-68.67524,102.2,2.38,0.027,2.515,0.036,ID
2007,1,4,1,54,37.47,-21.37822,-68.65738,106.95,1.442,0.019,1.602,0.022,ID
2007,1,4,2,5,15.37,-21.05483,-68.96876,114.82,1.506,0.017,1.604,0.018,ID
2007,1,4,2,26,39.58,-19.92674,-69.52587,104.33,2.037,0.025,2.141,0.022,ID
2007,1,4,2,51,21.74,-21.79939,-68.35863,113.03,2.24,0.035,2.344,0.036,ID
2007,1,4,2,54,38.81,-19.51805,-69.45729,105.79,4.073,0.029,4.303,0.037,ID
2007,1,4,3,19,5.71,-19.97458,-69.2026,92.12,1.044,0.044,1.262,0.033,ID
2007,1,4,4,56,32.95,-20.84341,-69.07288,97.6,1.564,0.02,1.712,0.018,ID
2007,1,4,5,20,57.28,-20.97616,-69.99722,42.58,1.024,0.051,1.294,0.046,UP
2007,1,4,5,47,53.88,-21.15263,-69.70209,12.9,2.112,0.039,2.25,0.032,UP
2007,1,4,6,54,59.21,-20.25459,-69.23447,87.5,1.5,0.021,1.691,0.021,ID
2007,1,4,7,10,49.18,-21.02436,-68.46863,138.3,2.319,0.028,2.328,0.03,ID
2007,1,4,7,22,0.93,-20.21811,-69.19477,96.74,2.697,0.022,2.88,0.027,ID
2007,1,4,8,15,46.26,-21.22352,-68.70125,121.36,2.431,0.026,2.479,0.031,ID
2007,1,4,9,51,53.14,-21.52403,-69.56734,12.25,1.832,0.06,1.909,0.052,UP
2007,1,4,10,24,57.79,-20.86389,-69.09464,108.07,1.236,0.026,1.381,0.025,ID
2007,1,4,11,23,47.77,-21.69478,-68.46685,142.26,2.446,0.028,2.428,0.03,ID
2007,1,4,12,23,18.5,-20.05484,-69.19867,96.02,1.46,0.017,1.636,0.022,ID
2007,1,4,12,27,32.32,-21.08095,-68.91105,108.36,1.645,0.03,1.762,0.028,ID
2007,1,4,13,16,14.77,-22.16396,-68.39094,144.0,2.663,0.024,2.618,0.033,ID
2007,1,4,14,11,2.94,-20.48167,-68.82372,112.5,2.085,0.036,2.186,0.031,ID
2007,1,4,16,17,23.18,-21.19395,-70.29106,37.18,1.127,0.036,1.377,0.031,P1
2007,1,4,17,37,1.92,-20.95673,-68.82334,7.72,1.723,0.023,1.934,0.026,MI
2007,1,4,18,18,38.64,-20.45462,-69.22601,111.45,2.089,0.029,2.16,0.038,ID
2007,1,4,18,33,52.8,-21.21211,-69.74615,52.09,1.853,0.018,2.105,0.017,UP
2007,1,4,19,57,58.0,-20.80354,-69.13962,107.53,2.069,0.018,2.162,0.018,ID
2007,1,4,22,13,29.38,-20.89498,-68.96607,86.78,1.298,0.027,1.518,0.033,ID
2007,1,4,23,26,18.72,-21.37376,-70.50201,35.33,1.343,0.015,1.584,0.015,P2
2007,1,5,1,12,35.59,-19.37628,-69.38602,101.16,1.702,0.032,1.857,0.038,ID
2007,1,5,4,1,24.17,-21.50386,-68.61891,107.61,1.825,0.018,1.954,0.017,ID
2007,1,5,4,10,6.16,-20.81621,-69.18068,106.48,1.119,0.055,1.292,0.073,ID
2007,1,5,5,19,9.51,-21.1467,-68.83538,106.36,1.554,0.019,1.692,0.015,ID
2007,1,5,6,8,51.07,-21.26621,-68.74721,114.67,1.601,0.027,1.699,0.024,ID
2007,1,5,6,22,37.09,-21.44288,-70.56826,51.09,1.341,0.021,1.611,0.028,P3
2007,1,5,8,22,40.56,-19.92122,-69.21531,90.17,0.982,0.049,1.226,0.047,ID
2007,1,5,9,40,19.63,-20.08193,-69.17583,90.99,2.049,0.027,2.231,0.025,ID
2007,1,5,10,1,32.75,-22.18211,-68.86759,102.14,1.55,0.035,1.691,0.037,ID
2007,1,5,10,57,19.25,-21.58498,-68.44561,130.03,2.631,0.038,2.642,0.038,ID
2007,1,5,11,22,55.36,-21.30319,-68.2976,135.19,2.015,0.019,2.021,0.019,ID
2007,1,5,12,31,55.78,-21.02627,-68.43961,125.48,2.142,0.023,2.158,0.029,ID
2007,1,5,14,40,36.86,-19.94717,-69.2009,98.35,2.357,0.021,2.499,0.027,ID
2007,1,5,15,21,41.56,-20.83953,-68.96868,114.11,2.969,0.032,3.066,0.031,ID
2007,1,5,19,23,20.48,-19.96621,-69.16831,95.61,2.06,0.02,2.23,0.023,ID
2007,1,5,23,7,15.76,-21.38126,-69.87243,31.14,1.57,0.021,1.756,0.023,UP
2007,1,5,23,48,49.02,-19.88101,-69.24099,104.62,2.136,0.028,2.265,0.022,ID
2007,1,6,2,12,53.03,-20.15798,-69.14768,96.95,3.101,0.025,3.285,0.024,ID
2007,1,6,4,9,53.16,-20.02154,-69.18798,99.31,1.792,0.017,1.942,0.02,ID
2007,1,6,4,45,31.19,-21.14238,-68.79825,116.22,2.162,0.013,2.251,0.017,ID
2007,1,6,11,17,1.92,-21.21008,-69.83038,14.96,1.305,0.02,1.473,0.025,UP
2007,1,6,11,36,57.14,-21.15759,-68.82276,117.42,1.526,0.03,1.614,0.018,ID
2007,1,6,12,55,23.66,-19.80898,-69.26139,99.83,1.636,0.021,1.805,0.021,ID
2007,1,6,13,4,53.92,-21.50067,-68.38453,145.41,2.449,0.017,2.442,0.019,ID
2007,1,6,14,2,10.16,-20.17666,-69.16119,94.65,3.951,0.043,4.186,0.044,ID
2007,1,6,17,6,47.0,-20.83958,-69.08639,99.63,1.27,0.016,1.439,0.013,ID
2007,1,6,18,6,42.34,-20.12426,-69.06017,96.42,1.385,0.033,1.577,0.034,ID
2007,1,6,18,28,31.96,-20.03592,-69.23797,8.32,2.155,0.037,2.397,0.029,MI
2007,1,6,20,22,41.28,-21.20009,-68.43171,134.54,3.203,0.02,3.248,0.021,ID
2007,1,6,22,24,11.6,-20.87878,-68.8255,97.61,2.289,0.019,2.453,0.021,ID
2007,1,6,22,35,17.16,-21.22872,-68.99106,93.62,1.631,0.024,1.835,0.032,ID
2007,1,6,23,3,2.04,-22.0384,-69.86368,61.53,1.047,0.014,1.293,0.018,P2
2007,1,6,23,49,28.12,-21.83046,-68.54649,111.71,2.119,0.028,2.189,0.026,ID
2007,1,7,0,13,6.4,-20.12537,-69.20103,102.24,1.262,0.027,1.423,0.028,ID
2007,1,7,1,19,38.41,-21.97269,-68.67227,133.98,3.942,0.037,3.991,0.042,ID
2007,1,7,1,33,21.7,-21.0728,-68.89323,110.24,2.144,0.011,2.244,0.014,ID
2007,1,7,2,4,51.65,-19.57516,-70.40331,38.53,1.621,0.031,1.868,0.034,P1
2007,1,7,2,51,26.35,-22.06699,-67.42537,173.51,2.468,0.03,2.393,0.034,NN
2007,1,7,4,37,43.42,-21.67562,-68.46156,108.31,1.698,0.025,1.818,0.028,ID
2007,1,7,4,44,39.39,-21.86148,-68.56605,103.83,1.843,0.034,1.981,0.026,ID
2007,1,7,5,19,53.88,-21.01828,-68.97553,108.16,1.501,0.02,1.624,0.018,ID
2007,1,7,5,25,45.12,-20.07051,-69.20592,89.0,1.428,0.028,1.626,0.038,ID
2007,1,7,5,31,43.39,-20.93126,-67.74252,204.29,3.266,0.026,3.274,0.039,NN
2007,1,7,5,48,48.35,-20.42655,-69.09476,100.14,1.117,0.029,1.31,0.028,ID
2007,1,7,6,37,3.53,-21.12087,-68.9114,108.75,1.569,0.019,1.693,0.022,ID
2007,1,7,6,39,19.86,-21.28071,-68.74966,130.25,3.838,0.037,3.913,0.04,ID
2007,1,7,8,11,16.25,-21.98125,-68.5044,128.47,2.865,0.023,2.894,0.028,ID
2007,1,7,8,35,27.31,-19.46497,-70.22085,21.76,1.629,0.029,1.794,0.038,UP
2007,1,7,8,44,6.35,-20.06186,-69.17252,99.45,3.136,0.024,3.329,0.019,ID
2007,1,7,9,11,46.27,-20.14916,-69.08868,90.06,1.031,0.018,1.251,0.023,ID
2007,1,7,9,48,39.64,-20.16777,-69.20996,87.75,1.265,0.013,1.469,0.021,ID
2007,1,7,10,6,9.12,-21.07321,-68.35311,133.44,2.639,0.027,2.645,0.031,ID
2007,1,7,10,27,17.0,-21.78189,-68.54351,111.73,1.746,0.012,1.834,0.012,ID
2007,1,7,14,55,53.18,-20.93938,-68.88011,25.28,1.4,0.045,1.618,0.049,UP
2007,1,7,15,16,42.34,-20.84048,-68.93155,103.55,2.296,0.013,2.43,0.014,ID
2007,1,7,17,37,45.96,-21.77088,-68.41145,116.02,3.259,0.036,3.362,0.022,ID
2007,1,7,18,8,24.08,-20.81517,-69.11209,110.62,2.203,0.016,2.316,0.023,ID
2007,1,7,18,41,4.12,-19.71538,-69.17915,104.7,2.523,0.026,2.678,0.028,ID
2007,1,7,18,50,45.56,-20.83192,-69.12415,108.09,2.695,0.012,2.82,0.015,ID
2007,1,7,19,49,18.84,-21.20962,-68.71388,114.22,1.737,0.024,1.828,0.024,ID
2007,1,7,20,6,24.2,-20.8806,-68.81032,100.34,1.565,0.015,1.714,0.011,ID
2007,1,7,21,55,19.28,-22.00814,-68.43513,121.07,2.094,0.032,2.14,0.038,ID
2007,1,7,22,53,49.78,-21.26281,-67.9677,144.21,2.132,0.039,2.147,0.03,NN
2007,1,7,23,18,10.7,-22.16042,-68.56212,103.98,1.719,0.017,1.845,0.021,ID
2007,1,7,23,40,11.2,-19.97069,-69.16758,98.16,1.225,0.026,1.413,0.03,ID
2007,1,7,23,55,34.68,-21.05643,-68.57379,126.95,2.236,0.063,2.259,0.054,ID
2007,1,8,0,16,21.25,-19.74965,-69.20872,99.66,1.302,0.024,1.458,0.022,ID
2007,1,8,0,27,5.38,-20.1654,-69.19751,92.76,1.553,0.019,1.732,0.022,ID
2007,1,8,0,48,10.49,-21.75379,-70.34904,45.04,2.091,0.024,2.372,0.049,P2
2007,1,8,1,52,4.04,-20.38041,-69.92112,80.44,1.891,0.033,2.069,0.034,P3
2007,1,8,2,23,46.47,-21.5279,-68.32895,137.09,2.418,0.026,2.426,0.027,ID
2007,1,8,3,7,59.13,-21.53813,-66.51679,59.64,2.673,0.059,2.841,0.039,NN
2007,1,8,4,18,41.62,-19.32452,-69.27252,109.39,1.513,0.016,1.641,0.02,ID
2007,1,8,4,59,1.34,-20.67249,-68.81763,103.43,2.006,0.015,2.151,0.014,ID
2007,1,8,5,21,5.15,-21.26256,-68.58868,122.08,2.512,0.04,2.562,0.038,ID
2007,1,8,6,49,7.34,-20.31109,-68.96833,102.21,1.459,0.021,1.609,0.02,ID
2007,1,8,7,6,28.54,-19.97688,-69.1926,94.24,2.176,0.027,2.347,0.027,ID
2007,1,8,7,35,39.81,-19.88583,-69.21134,98.5,1.74,0.02,1.89,0.023,ID
2007,1,8,8,1,33.22,-21.0609,-68.89914,104.14,1.443,0.02,1.597,0.018,ID
2007,1,8,11,16,20.77,-19.97821,-69.08016,101.99,2.204,0.011,2.349,0.015,ID
2007,1,8,11,17,40.18,-20.97491,-68.72509,102.63,2.04,0.026,2.211,0.031,ID
2007,1,8,12,1,17.72,-21.84007,-68.58842,114.56,2.459,0.018,2.515,0.017,ID
2007,1,8,12,5,33.69,-21.152,-68.89242,108.12,1.871,0.021,1.968,0.02,ID
2007,1,8,12,55,51.5,-20.26849,-69.049,95.26,1.152,0.016,1.353,0.009,ID
2007,1,8,14,37,5.75,-21.09747,-68.93052,115.46,3.621,0.023,3.732,0.027,ID
2007,1,8,14,48,4.62,-21.11279,-68.93172,110.81,1.771,0.019,1.866,0.019,ID
2007,1,8,16,49,7.14,-21.12874,-68.66926,98.87,2.038,0.034,2.166,0.032,ID
2007,1,8,17,23,35.96,-20.64369,-68.88648,100.25,2.112,0.014,2.255,0.014,ID
2007,1,8,18,27,17.24,-21.3486,-68.40225,118.03,3.713,0.036,3.845,0.047,ID
2007,1,8,20,4,40.7,-20.87937,-70.02081,11.0,1.285,0.025,1.483,0.044,MI
2007,1,8,20,34,34.74,-20.99832,-68.8223,4.43,1.539,0.017,1.753,0.018,MI
2007,1,8,20,42,33.7,-20.74125,-69.3476,78.82,1.304,0.048,1.538,0.04,ID
2007,1,8,23,0,48.28,-21.08742,-68.90045,108.98,1.524,0.012,1.657,0.009,ID
2007,1,8,23,55,42.86,-19.88072,-69.23284,102.25,1.958,0.015,2.11,0.015,ID
2007,1,9,1,46,52.14,-21.48472,-68.54417,125.32,1.78,0.02,1.836,0.021,ID
2007,1,9,3,38,41.24,-21.44247,-68.60637,105.25,2.134,0.022,2.251,0.022,ID
2007,1,9,4,47,42.49,-19.97162,-69.05546,101.55,1.461,0.028,1.62,0.027,ID
2007,1,9,5,3,10.32,-20.53908,-69.10427,93.27,2.641,0.018,2.813,0.018,ID
2007,1,9,5,36,19.55,-21.00857,-68.94446,103.63,1.362,0.022,1.503,0.024,ID
2007,1,9,6,9,5.07,-20.7024,-68.86427,101.01,1.774,0.019,1.94,0.018,ID
2007,1,9,7,26,49.54,-20.59071,-68.8915,112.82,1.603,0.015,1.724,0.019,ID
2007,1,9,8,13,39.24,-21.06246,-68.97221,109.92,2.573,0.029,2.7,0.035,ID
2007,1,9,8,29,19.63,-20.94874,-68.7504,102.02,1.566,0.025,1.701,0.028,ID
2007,1,9,9,21,45.35,-21.42272,-68.93009,104.17,2.053,0.033,2.177,0.03,ID
2007,1,9,9,36,47.67,-21.1424,-68.95692,115.42,2.539,0.019,2.617,0.019,ID
2007,1,9,9,43,20.28,-19.92843,-69.12457,101.62,2.371,0.019,2.507,0.029,ID
2007,1,9,9,56,21.77,-20.21547,-69.22042,92.95,1.379,0.014,1.559,0.013,ID
2007,1,9,11,15,21.48,-20.85818,-69.08567,106.98,1.87,0.017,1.983,0.019,ID
2007,1,9,11,48,56.41,-20.07728,-69.91434,65.11,1.182,0.032,1.438,0.031,P2
2007,1,9,12,37,3.27,-20.04351,-69.19425,96.12,1.408,0.014,1.57,0.017,ID
2007,1,9,13,31,31.14,-21.88836,-68.68793,122.1,2.177,0.012,2.203,0.014,ID
2007,1,9,14,15,21.7,-21.20222,-68.66371,108.56,1.388,0.017,1.52,0.01,ID
2007,1,9,16,6,17.13,-20.86298,-69.07477,105.59,1.724,0.024,1.854,0.023,ID
2007,1,9,16,15,59.05,-20.93854,-68.82007,7.61,1.525,0.023,1.67,0.02,MI
2007,1,9,16,31,14.82,-19.99801,-68.92015,108.92,2.372,0.018,2.481,0.025,ID
2007,1,9,18,11,22.84,-21.34764,-68.61144,97.84,1.755,0.019,1.91,0.028,ID
2007,1,9,21,10,41.84,-20.87877,-70.02255,10.87,1.426,0.024,1.642,0.032,MI
2007,1,9,22,30,49.06,-21.48627,-69.81206,64.23,1.071,0.02,1.333,0.021,P2
2007,1,9,22,48,44.8,-19.9563,-68.8032,121.2,1.952,0.03,2.028,0.021,ID
2007,1,9,23,29,27.0,-21.62075,-68.50999,123.32,2.748,0.034,2.795,0.033,ID
2007,1,9,23,42,5.52,-21.67135,-68.58193,96.71,1.464,0.035,1.666,0.037,ID
2007,1,10,1,10,41.0,-20.36376,-68.89057,98.68,1.533,0.022,1.711,0.019,ID
2007,1,10,1,57,59.55,-21.09029,-68.54012,109.19,1.403,0.025,1.553,0.022,ID
2007,1,10,2,2,40.68,-21.79587,-68.71721,102.42,1.272,0.034,1.465,0.023,ID
2007,1,10,3,20,49.84,-21.52237,-69.62086,53.51,1.134,0.025,1.385,0.03,UP
2007,1,10,3,22,21.38,-21.14914,-68.62595,109.48,2.094,0.033,2.193,0.029,ID
2007,1,10,3,51,41.24,-20.63523,-69.02712,98.26,1.465,0.021,1.615,0.017,ID
2007,1,10,4,24,46.91,-20.22652,-68.77618,108.99,2.225,0.019,2.33,0.016,ID
2007,1,10,4,54,50.2,-21.21161,-68.24811,142.85,3.329,0.031,3.34,0.03,ID
2007,1,10,6,48,22.35,-21.07996,-68.77854,114.85,1.599,0.009,1.708,0.012,ID
2007,1,10,6,57,41.93,-20.80475,-69.86658,59.41,1.034,0.027,1.305,0.027,P2
2007,1,10,7,7,8.57,-22.25653,-70.28719,34.29,1.624,0.035,1.901,0.026,P1
2007,1,10,7,34,53.72,-21.08829,-68.36408,111.32,1.961,0.027,2.049,0.026,ID
2007,1,10,7,41,57.11,-21.37808,-68.97273,94.46,0.874,0.015,1.102,0.021,ID
2007,1,10,7,56,31.02,-21.88029,-68.74737,124.32,2.591,0.022,2.597,0.022,ID
2007,1,10,8,4,33.8,-20.85852,-69.12805,104.74,0.865,0.037,1.057,0.029,ID
2007,1,10,9,22,7.93,-20.57521,-69.02228,97.97,1.167,0.014,1.368,0.01,ID
2007,1,10,9,26,51.41,-20.52856,-68.96749,108.56,1.626,0.024,1.741,0.026,ID
2007,1,10,10,25,36.8,-21.06835,-68.69252,102.85,1.386,0.022,1.528,0.018,ID
2007,1,10,10,59,25.72,-20.79346,-69.70505,97.06,2.478,0.043,2.612,0.047,NN
2007,1,10,12,33,10.57,-20.66923,-69.07395,103.08,1.265,0.016,1.41,0.019,ID
2007,1,10,13,13,9.33,-20.87279,-69.02354,105.76,1.589,0.019,1.713,0.021,ID
2007,1,10,14,21,53.7,-20.05965,-69.17669,96.15,1.514,0.018,1.668,0.019,ID
2007,1,10,15,33,52.19,-21.0007,-68.82289,1.35,1.469,0.025,1.598,0.031,MI
2007,1,10,18,40,19.96,-20.91605,-69.65575,8.29,1.32,0.021,1.518,0.023,MI
2007,1,10,19,46,7.36,-21.71999,-68.47335,123.13,2.375,0.024,2.388,0.03,ID
2007,1,10,20,55,13.68,-20.6035,-68.89724,102.19,1.354,0.026,1.499,0.027,ID
2007,1,10,22,11,5.82,-21.04949,-68.90338,105.54,1.179,0.014,1.332,0.011,ID
2007,1,10,22,50,32.4,-21.91268,-68.61398,77.72,1.191,0.049,1.501,0.082,ID
2007,1,10,23,2,33.6,-21.14575,-68.8483,103.38,1.805,0.042,1.921,0.038,ID
2007,1,11,0,0,52.84,-20.56794,-70.59481,36.77,2.676,0.035,2.931,0.044,P2
2007,1,11,0,22,24.46,-20.15557,-69.01962,100.91,1.339,0.028,1.486,0.027,ID
2007,1,11,1,8,43.64,-21.2195,-68.4519,124.51,1.998,0.017,2.051,0.021,ID
2007,1,11,1,19,56.81,-20.6385,-69.05304,106.16,2.011,0.047,2.123,0.037,ID
2007,1,11,1,47,9.76,-20.783,-69.95081,30.79,0.856,0.044,1.064,0.025,UP
2007,1,11,2,2,12.49,-21.60621,-68.45161,139.85,2.387,0.021,2.389,0.017,ID
2007,1,11,2,31,42.13,-20.76404,-69.18474,104.02,1.904,0.034,2.064,0.023,ID
2007,1,11,4,44,6.14,-21.14851,-70.26422,64.47,0.774,0.034,1.065,0.031,P3
2007,1,11,4,49,6.39,-21.58798,-68.37575,127.09,3.457,0.028,3.511,0.031,ID
2007,1,11,5,32,45.7,-21.72822,-68.37799,124.18,2.118,0.029,2.143,0.028,ID
2007,1,11,8,51,44.33,-21.05054,-68.9385,113.34,2.216,0.023,2.323,0.022,ID
2007,1,11,9,14,8.93,-20.63716,-69.73949,39.31,0.878,0.031,1.119,0.035,UP
2007,1,11,12,31,50.1,-20.75701,-70.05295,44.4,0.65,0.018,0.968,0.024,P1
2007,1,11,12,45,47.05,-20.04868,-69.18263,92.9,1.906,0.021,2.069,0.021,ID
2007,1,11,13,9,41.34,-20.19771,-69.21308,92.18,1.455,0.018,1.625,0.022,ID
2007,1,11,14,30,18.12,-19.98751,-69.19874,100.47,2.204,0.03,2.337,0.035,ID
2007,1,11,15,19,15.63,-20.49131,-68.8161,106.74,2.332,0.023,2.459,0.021,ID
2007,1,11,15,59,10.76,-20.73684,-68.88632,7.28,1.133,0.043,1.286,0.045,UP
2007,1,11,18,2,38.2,-19.83519,-69.35575,107.26,2.266,0.026,2.383,0.025,ID
2007,1,11,19,25,15.12,-21.59449,-68.53833,115.16,2.667,0.015,2.744,0.018,ID
2007,1,11,20,59,3.36,-21.05613,-68.92467,110.81,1.66,0.019,1.777,0.016,ID
2007,1,11,23,4,41.76,-20.50761,-69.05636,94.13,1.946,0.034,2.067,0.036,ID
2007,1,12,0,57,32.72,-20.34661,-68.77291,102.58,1.568,0.035,1.699,0.029,ID
2007,1,12,2,11,15.15,-20.57763,-68.10023,172.42,2.183,0.036,2.18,0.027,ID
2007,1,12,4,41,23.03,-22.25836,-68.97873,109.04,2.319,0.016,2.42,0.016,ID
2007,1,12,5,39,33.55,-21.14523,-68.90195,112.53,2.238,0.015,2.322,0.017,ID
2007,1,12,5,44,22.15,-21.06878,-68.86217,114.41,3.265,0.02,3.392,0.035,ID
2007,1,12,6,6,46.93,-20.29836,-69.24924,110.87,1.609,0.018,1.717,0.02,ID
2007,1,12,6,37,40.19,-21.39011,-68.55921,115.42,1.441,0.03,1.552,0.023,ID
2007,1,12,7,8,10.72,-20.46098,-69.18533,88.04,1.963,0.027,2.137,0.021,ID
2007,1,12,8,29,0.96,-20.07865,-69.20066,98.64,1.682,0.015,1.834,0.01,ID
2007,1,12,8,50,0.49,-22.73475,-69.16978,105.72,1.486,0.03,1.614,0.023,P3
2007,1,12,9,8,19.8,-20.04063,-69.19359,90.76,1.526,0.017,1.703,0.019,ID
2007,1,12,9,14,38.44,-20.29432,-68.93947,102.23,2.345,0.038,2.501,0.034,ID
2007,1,12,10,7,56.98,-20.80298,-68.00369,176.77,2.603,0.022,2.616,0.017,ID
2007,1,12,10,11,31.72,-20.41417,-68.73619,113.84,2.006,0.021,2.1,0.022,ID
2007,1,12,10,42,32.83,-21.66902,-68.41702,130.19,2.202,0.014,2.211,0.02,ID
2007,1,12,10,47,28.98,-20.80395,-69.12544,105.29,1.755,0.03,1.886,0.025,ID
2007,1,12,12,38,38.58,-20.9777,-68.5864,113.56,1.532,0.026,1.679,0.023,ID
2007,1,12,13,35,41.86,-22.261,-69.22399,81.83,1.7,0.026,1.905,0.031,P2
2007,1,12,15,30,12.71,-20.82595,-69.14093,107.87,1.578,0.017,1.7,0.012,ID
2007,1,12,15,54,58.1,-22.57441,-68.73328,113.99,3.165,0.035,3.305,0.033,ID
2007,1,12,16,11,51.9,-21.15553,-68.84151,115.36,2.749,0.023,2.853,0.025,ID
2007,1,12,16,14,46.68,-21.22773,-68.69537,110.09,1.948,0.016,2.045,0.017,ID
2007,1,12,16,26,36.07,-21.00658,-68.82617,3.03,1.399,0.057,1.608,0.041,MI
2007,1,12,16,32,55.78,-20.96925,-68.6774,1.31,1.547,0.018,1.753,0.02,MI
2007,1,12,18,26,19.5,-20.87497,-70.02944,10.81,1.512,0.091,1.684,0.064,MI
2007,1,12,18,52,9.4,-20.56776,-70.60047,35.28,1.654,0.025,1.88,0.027,P2
2007,1,12,19,22,26.04,-21.78599,-69.88647,59.3,3.306,0.034,3.62,0.049,P2
2007,1,12,19,37,47.6,-19.99869,-68.96635,107.54,2.26,0.055,2.442,0.047,ID
2007,1,12,21,31,25.28,-21.68956,-68.61576,108.51,1.634,0.016,1.761,0.015,ID
2007,1,13,0,11,15.09,-21.2068,-68.72547,112.81,2.062,0.031,2.152,0.035,ID
2007,1,13,7,46,30.02,-21.42713,-68.32277,111.95,1.789,0.033,1.889,0.029,ID
2007,1,13,8,56,29.32,-20.81641,-70.50714,57.28,1.657,0.025,1.89,0.022,P3
2007,1,13,9,40,0.36,-21.22793,-68.94537,99.16,1.366,0.022,1.53,0.018,ID
2007,1,13,11,12,39.72,-21.46608,-69.78792,44.49,1.162,0.021,1.404,0.008,UP
2007,1,13,13,1,31.8,-21.43673,-68.38316,116.13,2.613,0.033,2.71,0.034,ID
2007,1,13,15,20,30.22,-21.48785,-69.50979,38.2,1.138,0.029,1.38,0.032,UP
2007,1,13,15,23,33.62,-21.84861,-68.67211,117.22,2.113,0.012,2.168,0.014,ID
2007,1,13,16,3,14.01,-20.48411,-68.97075,98.18,1.526,0.016,1.697,0.017,ID
2007,1,13,16,43,48.28,-20.55298,-69.69044,57.16,1.919,0.021,2.148,0.033,UP
2007,1,13,17,3,57.32,-20.97183,-68.67739,1.72,1.596,0.017,1.821,0.028,MI
2007,1,13,17,9,41.4,-21.00796,-68.8308,111.64,2.404,0.032,2.474,0.032,ID
2007,1,13,20,11,52.14,-21.37618,-68.39561,120.54,2.577,0.022,2.669,0.027,ID
2007,1,13,20,37,36.96,-21.12906,-68.90604,110.14,1.873,0.013,1.967,0.018,ID
2007,1,13,21,16,53.36,-20.54874,-69.01966,99.49,1.674,0.02,1.838,0.022,ID
2007,1,13,21,41,31.88,-20.33775,-69.26202,91.51,2.063,0.037,2.268,0.034,ID
2007,1,13,21,57,29.16,-21.2715,-68.85197,115.71,2.266,0.017,2.322,0.017,ID
2007,1,13,22,39,15.72,-21.26295,-68.43584,112.9,2.737,0.035,2.886,0.037,ID
2007,1,13,23,36,55.28,-21.07499,-68.69309,95.22,1.697,0.025,1.852,0.023,ID
2007,1,13,23,44,52.12,-20.21637,-69.29772,97.35,2.168,0.027,2.312,0.023,ID
2007,1,14,0,22,9.75,-20.83524,-69.05226,105.64,2.066,0.015,2.179,0.018,ID
2007,1,14,1,46,50.77,-21.05701,-69.01086,116.09,2.428,0.016,2.496,0.014,ID
2007,1,14,2,17,34.81,-20.57064,-68.93989,102.68,3.434,0.03,3.634,0.031,ID
2007,1,14,2,20,4.04,-20.81902,-68.84588,102.22,2.049,0.01,2.205,0.015,ID
2007,1,14,4,18,42.68,-20.7282,-69.41076,73.83,1.231,0.022,1.456,0.014,ID
2007,1,14,5,14,19.88,-21.22917,-68.81204,111.07,1.716,0.023,1.816,0.022,ID
2007,1,14,6,31,4.63,-20.66358,-68.78144,108.16,2.685,0.026,2.805,0.027,ID
2007,1,14,7,19,25.55,-20.78281,-68.96095,9.8,1.265,0.036,1.419,0.042,UP
2007,1,14,7,27,49.96,-21.90395,-68.31759,136.73,1.851,0.035,1.896,0.024,ID
2007,1,14,7,55,53.71,-21.14618,-68.88227,102.34,1.285,0.019,1.461,0.016,ID
2007,1,14,8,4,47.68,-19.92789,-69.29926,104.72,2.771,0.029,2.905,0.032,ID
2007,1,14,8,16,27.97,-22.02692,-68.51173,114.02,2.548,0.034,2.635,0.04,ID
2007,1,14,10,42,40.6,-21.87914,-68.73169,109.99,1.751,0.019,1.844,0.024,ID
2007,1,14,11,7,11.68,-19.99272,-69.19369,99.01,1.797,0.017,1.948,0.016,ID
2007,1,14,12,22,16.27,-21.01744,-68.83212,101.6,1.961,0.037,2.098,0.041,ID
2007,1,14,15,18,36.63,-19.94367,-69.17812,98.56,2.105,0.02,2.268,0.017,ID
2007,1,14,15,27,47.34,-20.78524,-69.11668,107.81,1.628,0.022,1.736,0.016,ID
2007,1,14,15,43,26.83,-20.76924,-68.88302,95.16,1.774,0.027,1.928,0.021,ID
2007,1,14,15,57,1.62,-20.61856,-69.26956,104.72,1.221,0.015,1.39,0.019,ID
2007,1,14,16,1,55.81,-20.59471,-68.84741,103.0,2.061,0.012,2.208,0.012,ID
2007,1,14,16,37,10.27,-21.10482,-68.3582,116.59,1.78,0.02,1.855,0.025,ID
2007,1,14,17,31,46.28,-21.20684,-68.58887,120.61,2.723,0.022,2.79,0.018,ID
2007,1,14,18,36,59.88,-21.26873,-68.66606,107.15,2.259,0.022,2.373,0.024,ID
2007,1,14,18,40,47.56,-21.66478,-68.35881,110.71,2.475,0.031,2.575,0.029,ID
2007,1,14,19,56,35.38,-20.09683,-69.17621,94.91,2.291,0.03,2.458,0.021,ID
2007,1,14,22,41,43.92,-20.8312,-69.1391,103.61,1.443,0.022,1.587,0.025,ID
2007,1,14,23,54,46.38,-21.22889,-69.54262,75.32,2.267,0.023,2.508,0.029,P2
2007,1,15,0,13,50.62,-21.10548,-68.97351,110.25,1.526,0.012,1.667,0.016,ID
2007,1,15,1,48,15.47,-21.20162,-68.86419,87.7,1.289,0.022,1.474,0.019,ID
2007,1,15,2,56,54.54,-20.772,-68.92406,103.07,1.725,0.02,1.861,0.021,ID
2007,1,15,4,47,58.25,-21.8715,-68.68111,116.26,2.601,0.027,2.684,0.033,ID
2007,1,15,5,3,56.95,-21.18184,-68.39681,126.19,1.699,0.025,1.745,0.028,ID
2007,1,15,6,15,35.7,-21.48506,-69.67561,27.25,1.525,0.028,1.678,0.031,UP
2007,1,15,8,14,41.0,-21.99107,-68.54344,98.79,1.449,0.027,1.603,0.025,ID
2007,1,15,8,18,5.05,-21.30881,-68.97002,86.6,1.486,0.015,1.668,0.018,ID
2007,1,15,9,23,2.17,-20.62899,-68.85155,106.8,2.352,0.024,2.456,0.028,ID
2007,1,15,9,31,39.41,-20.47735,-69.07443,107.44,1.277,0.031,1.421,0.039,ID
2007,1,15,9,34,58.06,-20.8046,-69.05537,99.14,1.263,0.028,1.427,0.026,ID
2007,1,15,10,11,27.03,-19.67144,-69.12373,127.92,2.164,0.02,2.191,0.016,ID
2007,1,15,11,0,33.21,-21.67931,-68.5059,130.29,2.06,0.024,2.066,0.029,ID
2007,1,15,11,55,36.6,-23.39837,-68.9015,122.47,2.554,0.031,2.586,0.031,ID
2007,1,15,12,2,1.24,-20.99518,-68.56689,131.54,1.962,0.019,1.996,0.022,ID
2007,1,15,12,16,2.2,-20.04742,-69.19134,99.89,1.488,0.023,1.643,0.022,ID
2007,1,15,13,58,5.34,-19.95671,-69.15631,98.86,2.625,0.028,2.799,0.025,ID
2007,1,15,16,51,35.82,-20.95833,-68.69169,5.8,1.652,0.016,1.784,0.018,MI
2007,1,15,19,32,5.96,-21.61621,-70.41693,26.85,1.85,0.015,2.067,0.017,UP
2007,1,15,19,38,6.58,-21.67658,-68.41931,142.58,2.357,0.019,2.359,0.026,ID
2007,1,15,20,15,48.36,-20.78874,-69.33282,72.58,1.763,0.034,2.021,0.032,ID
2007,1,15,21,26,50.06,-21.0163,-69.01599,108.96,1.771,0.013,1.881,0.014,ID
2007,1,15,21,39,42.56,-21.18342,-68.734,116.45,2.706,0.017,2.803,0.017,ID
2007,1,15,21,48,16.72,-20.84655,-69.1237,105.31,2.372,0.019,2.466,0.01,ID
2007,1,15,22,26,34.84,-20.83931,-69.04952,103.58,1.809,0.015,1.925,0.016,ID
2007,1,15,22,39,44.8,-20.91751,-69.65401,9.18,1.369,0.023,1.589,0.025,MI
2007,1,15,23,41,14.56,-21.70101,-69.60483,59.42,1.094,0.02,1.339,0.017,UP
2007,1,16,1,8,8.68,-21.2672,-68.76242,112.14,2.392,0.027,2.477,0.029,ID
2007,1,16,1,36,40.71,-21.04602,-68.95325,111.76,1.5,0.022,1.615,0.024,ID
2007,1,16,2,17,59.64,-20.85474,-69.13118,108.67,1.808,0.028,1.918,0.037,ID
2007,1,16,2,40,3.88,-21.06803,-68.89205,110.31,1.214,0.02,1.363,0.02,ID
2007,1,16,3,8,19.27,-21.18476,-68.44047,123.41,2.352,0.021,2.382,0.019,ID
2007,1,16,3,14,27.71,-21.20679,-68.7904,92.58,2.138,0.02,2.327,0.024,ID
2007,1,16,5,19,6.82,-19.88261,-69.8635,75.8,2.539,0.028,2.76,0.029,P2
2007,1,16,5,42,32.25,-21.13386,-68.84242,99.45,1.3,0.027,1.477,0.026,ID
2007,1,16,6,40,33.57,-20.10772,-69.15152,101.48,2.38,0.017,2.541,0.025,ID
2007,1,16,11,48,43.6,-21.81364,-68.73609,103.05,1.661,0.03,1.827,0.028,ID
2007,1,16,13,0,41.38,-22.23447,-68.71726,115.48,3.019,0.04,3.16,0.039,ID
2007,1,16,14,1,36.22,-20.97689,-69.63186,74.59,2.452,0.041,2.777,0.045,P2
2007,1,16,17,34,15.92,-21.21091,-68.03917,166.23,2.418,0.032,2.366,0.032,ID
2007,1,16,18,15,13.76,-21.25995,-68.63692,119.48,2.726,0.013,2.792,0.016,ID
2007,1,16,18,45,2.58,-19.53227,-69.43507,113.94,2.063,0.022,2.16,0.019,ID
2007,1,16,19,41,57.68,-21.31171,-68.59661,107.26,1.739,0.017,1.866,0.021,ID
2007,1,16,22,10,26.8,-21.03854,-68.60105,112.57,2.266,0.026,2.357,0.028,ID
2007,1,16,22,26,1.04,-21.08058,-68.77108,103.39,1.597,0.029,1.727,0.027,ID
2007,1,16,22,30,18.16,-20.65123,-67.61295,216.15,2.742,0.022,2.728,0.023,NN
2007,1,16,22,37,48.84,-20.5299,-68.97887,105.36,1.702,0.017,1.839,0.025,ID
2007,1,16,23,21,54.96,-19.7102,-69.29561,100.39,1.954,0.034,2.104,0.035,ID
2007,1,17,2,23,14.36,-21.43013,-68.35343,108.8,2.185,0.028,2.319,0.029,ID
2007,1,17,2,43,0.12,-19.99258,-69.17488,95.61,1.369,0.018,1.537,0.022,ID
2007,1,17,2,51,36.62,-21.37826,-68.5924,119.76,1.705,0.035,1.792,0.032,ID
2007,1,17,3,51,3.55,-20.3801,-69.39101,101.81,1.824,0.026,1.963,0.026,ID
2007,1,17,5,13,28.09,-20.19144,-69.07519,92.93,1.279,0.024,1.466,0.027,ID
2007,1,17,6,27,23.23,-20.61682,-69.51083,71.75,1.264,0.013,1.506,0.014,ID
2007,1,17,9,45,41.16,-19.78624,-69.81261,73.34,1.302,0.02,1.541,0.026,P2
2007,1,17,9,58,44.83,-20.85155,-70.46485,31.22,1.975,0.037,2.216,0.029,P1
2007,1,17,10,19,6.36,-21.11696,-68.89571,107.89,1.536,0.012,1.666,0.01,ID
2007,1,17,10,31,20.95,-20.20816,-69.19743,100.17,2.26,0.018,2.402,0.025,ID
2007,1,17,11,36,57.72,-21.31125,-68.62651,126.06,1.891,0.043,1.926,0.043,ID
2007,1,17,13,23,2.83,-19.81734,-68.84024,7.25,1.5,0.038,1.641,0.043,UP
2007,1,17,14,14,40.49,-20.17715,-69.20739,91.44,2.708,0.021,2.935,0.022,ID
2007,1,17,15,35,6.87,-21.0033,-68.82207,1.75,1.588,0.028,1.796,0.036,MI
2007,1,17,16,44,43.52,-20.34581,-69.02821,92.77,2.102,0.029,2.27,0.026,ID
2007,1,17,17,28,38.8,-20.59616,-69.61697,62.21,1.076,0.022,1.351,0.031,P1
2007,1,17,17,52,22.62,-20.21068,-68.79833,107.89,1.845,0.022,1.97,0.02,ID
2007,1,17,18,16,24.22,-21.81414,-68.60345,121.74,2.697,0.02,2.729,0.021,ID
2007,1,17,20,36,35.84,-19.92619,-70.00899,57.87,1.469,0.02,1.735,0.015,P2
2007,1,18,0,4,21.6,-20.00724,-69.18158,98.87,2.262,0.023,2.42,0.022,ID
2007,1,18,0,41,17.05,-20.87401,-69.1075,116.96,1.557,0.024,1.645,0.028,ID
2007,1,18,0,51,46.96,-21.07928,-68.66059,105.51,2.536,0.026,2.696,0.023,ID
2007,1,18,4,58,37.31,-21.74364,-68.6837,122.77,1.823,0.022,1.871,0.023,ID
2007,1,18,5,33,25.38,-21.09971,-70.32598,61.17,1.319,0.022,1.58,0.021,P3
2007,1,18,6,39,46.16,-20.59594,-69.12968,106.17,1.678,0.029,1.82,0.023,ID
2007,1,18,8,50,34.41,-19.83591,-69.25077,98.02,2.198,0.042,2.373,0.046,ID
2007,1,18,10,26,52.34,-20.27933,-68.75675,114.77,4.826,0.057,4.876,0.031,ID
2007,1,18,10,35,42.31,-21.22665,-68.51333,105.41,2.043,0.021,2.164,0.026,ID
2007,1,18,10,58,23.74,-20.62864,-68.76706,110.55,1.802,0.02,1.91,0.018,ID
2007,1,18,12,5,45.64,-20.67753,-70.67639,20.04,1.432,0.019,1.617,0.019,P1
2007,1,18,12,31,27.57,-21.49544,-68.41684,120.73,2.318,0.019,2.377,0.023,ID
2007,1,18,12,59,42.68,-21.28606,-68.63864,110.74,2.764,0.029,2.903,0.034,ID
2007,1,18,16,13,18.85,-21.29659,-68.61881,125.64,1.93,0.021,2.0,0.023,ID
2007,1,18,17,8,40.78,-20.89955,-68.94049,105.7,2.034,0.023,2.164,0.025,ID
2007,1,18,19,22,53.32,-21.0039,-68.81676,2.94,1.516,0.031,1.744,0.033,MI
2007,1,18,20,48,32.86,-20.87963,-70.04064,10.45,1.672,0.019,1.879,0.026,MI
2007,1,18,22,22,56.76,-21.11543,-68.91756,113.24,1.859,0.016,1.941,0.017,ID
2007,1,18,22,31,51.02,-22.24535,-68.90953,9.38,1.404,0.028,1.586,0.029,MI
2007,1,18,22,49,5.3,-21.07224,-68.7849,106.83,2.46,0.03,2.592,0.043,ID
2007,1,18,23,30,34.2,-20.01273,-69.15444,97.25,1.857,0.014,2.017,0.01,ID
2007,1,19,0,51,20.61,-21.21175,-68.51227,104.21,1.486,0.02,1.63,0.014,ID
2007,1,19,4,6,35.63,-21.84381,-68.62535,114.94,1.632,0.029,1.734,0.027,ID
2007,1,19,4,34,34.31,-20.61816,-68.20912,138.96,3.19,0.038,3.247,0.045,ID
2007,1,19,4,41,43.98,-21.10045,-68.54628,123.12,2.352,0.027,2.408,0.022,ID
2007,1,19,5,5,17.06,-20.94951,-68.92963,99.7,1.265,0.031,1.434,0.032,ID
2007,1,19,5,28,23.11,-21.31543,-68.42139,122.94,1.884,0.032,1.923,0.034,ID
2007,1,19,5,43,54.68,-20.49406,-69.91589,64.45,1.374,0.027,1.615,0.028,P2
2007,1,19,6,41,27.2,-21.07438,-68.92138,107.68,1.576,0.015,1.708,0.016,ID
2007,1,19,6,50,33.63,-21.03887,-68.53516,125.3,1.678,0.026,1.769,0.031,ID
2007,1,19,9,23,22.22,-21.50265,-68.41127,116.65,4.04,0.026,4.212,0.025,ID
2007,1,19,10,57,4.99,-21.29718,-70.48937,39.99,0.955,0.022,1.231,0.02,P2
2007,1,19,12,30,55.37,-20.87941,-69.13182,107.65,2.28,0.025,2.367,0.039,ID
2007,1,19,12,50,53.26,-21.7174,-68.36944,121.97,2.248,0.029,2.269,0.027,ID
2007,1,19,13,23,13.9,-20.0574,-69.20676,100.08,1.488,0.028,1.645,0.023,ID
2007,1,19,16,2,28.05,-22.25879,-68.95833,7.87,1.724,0.009,1.955,0.021,MI
2007,1,19,16,44,51.5,-20.96718,-68.70675,3.47,1.548,0.015,1.659,0.02,MI
2007,1,19,16,59,58.61,-22.37781,-70.23128,2.68,1.983,0.039,2.237,0.045,MI
2007,1,19,19,15,38.26,-20.73121,-68.86187,100.28,1.863,0.03,2.014,0.032,ID
2007,1,19,19,53,46.18,-19.90808,-69.8649,9.23,1.558,0.019,1.693,0.02,UP
2007,1,19,20,44,7.76,-21.38411,-68.65525,103.39,1.688,0.043,1.812,0.034,ID
2007,1,19,23,2,59.52,-20.43823,-69.0175,95.47,1.538,0.023,1.696,0.027,ID
2007,1,19,23,21,24.52,-21.21158,-68.62895,106.7,3.212,0.026,3.326,0.027,ID
2007,1,20,0,42,31.41,-21.73313,-68.47626,100.94,2.285,0.023,2.42,0.023,ID
2007,1,20,1,27,15.2,-20.34189,-68.86572,91.47,1.383,0.03,1.58,0.032,ID
2007,1,20,3,9,15.36,-20.87678,-69.04879,105.79,1.794,0.007,1.923,0.009,ID
2007,1,20,5,51,46.08,-21.07869,-68.46347,133.37,2.036,0.023,2.043,0.019,ID
2007,1,20,7,43,45.27,-19.66954,-70.6101,28.61,1.852,0.021,2.089,0.03,P1
2007,1,20,8,2,21.82,-21.26533,-68.73212,128.58,1.796,0.035,1.789,0.021,ID
2007,1,20,8,6,22.88,-21.45908,-69.65745,29.83,1.053,0.029,1.246,0.028,UP
2007,1,20,8,39,45.16,-19.95447,-69.21879,91.32,1.492,0.016,1.68,0.028,ID
2007,1,20,11,14,58.83,-20.23897,-69.20628,95.36,1.224,0.022,1.415,0.019,ID
2007,1,20,12,18,39.53,-21.28462,-68.84652,116.93,2.019,0.025,2.088,0.023,ID
2007,1,20,12,28,38.22,-21.05787,-68.96967,110.25,1.542,0.024,1.675,0.026,ID
2007,1,20,13,41,57.45,-21.34695,-68.65194,127.66,1.957,0.026,2.005,0.017,ID
2007,1,20,14,49,49.14,-20.11415,-69.17713,90.44,1.665,0.037,1.85,0.034,ID
2007,1,20,15,6,10.75,-19.87074,-69.16852,99.73,2.091,0.019,2.245,0.023,ID
2007,1,20,18,51,24.5,-20.20024,-69.21708,90.82,1.356,0.025,1.553,0.025,ID
2007,1,20,19,52,20.36,-21.09875,-68.94887,112.05,2.363,0.018,2.456,0.017,ID
2007,1,20,22,20,45.16,-20.24968,-69.14347,92.69,1.574,0.02,1.76,0.022,ID
2007,1,20,23,3,36.88,-20.87058,-68.95624,111.22,1.474,0.015,1.598,0.015,ID
2007,1,20,23,42,50.32,-19.93732,-69.12117,98.88,2.003,0.028,2.137,0.036,ID
2007,1,21,2,45,14.07,-20.2372,-69.15786,87.28,1.057,0.015,1.282,0.021,ID
2007,1,21,3,26,24.8,-19.82796,-69.24034,93.57,1.165,0.023,1.363,0.021,ID
2007,1,21,3,56,45.48,-20.21767,-69.21169,92.35,1.335,0.067,1.502,0.058,ID
2007,1,21,4,6,0.03,-21.19275,-68.4673,127.03,2.417,0.025,2.439,0.029,ID
2007,1,21,4,51,36.84,-21.34161,-69.86873,46.08,0.775,0.017,1.055,0.026,UP
2007,1,21,5,47,50.39,-21.1568,-68.71758,109.73,3.28,0.04,3.411,0.041,ID
2007,1,21,5,58,15.48,-21.60373,-69.10211,86.48,1.673,0.032,1.874,0.033,P2
2007,1,21,6,42,41.43,-19.98322,-69.13552,102.36,1.748,0.031,1.888,0.025,ID
2007,1,21,7,22,35.32,-20.80532,-69.24709,84.89,2.9,0.03,3.138,0.037,ID
2007,1,21,8,3,2.01,-21.2731,-70.41164,29.24,0.82,0.044,1.072,0.031,P1
2007,1,21,8,6,16.54,-22.40686,-68.19679,166.79,2.993,0.037,2.962,0.034,NN
2007,1,21,14,50,0.39,-21.14267,-68.74414,100.79,1.4,0.032,1.568,0.028,ID
2007,1,21,16,24,42.63,-20.94742,-68.72732,2.27,1.4,0.033,1.554,0.034,MI
2007,1,21,16,39,18.94,-20.45019,-69.10337,88.59,1.828,0.031,2.006,0.033,ID
2007,1,21,17,2,59.66,-21.58663,-68.69115,110.41,1.732,0.027,1.822,0.033,ID
2007,1,21,18,17,43.36,-21.09796,-68.83691,111.47,1.527,0.024,1.649,0.024,ID
2007,1,21,18,51,32.22,-22.58193,-68.71229,110.04,2.48,0.027,2.571,0.033,ID
2007,1,21,20,41,27.74,-20.74333,-69.19948,100.93,3.253,0.045,3.405,0.057,ID
2007,1,21,21,42,50.36,-21.30183,-68.78361,105.77,1.989,0.029,2.126,0.032,ID
2007,1,21,21,52,19.96,-20.98138,-68.5912,86.68,1.431,0.031,1.642,0.029,ID
2007,1,21,23,23,8.28,-20.10954,-69.15045,88.37,1.228,0.043,1.448,0.044,ID
2007,1,21,23,25,57.8,-20.95504,-68.7453,98.92,1.607,0.022,1.773,0.021,ID
2007,1,21,23,46,22.16,-20.05731,-69.20038,89.84,1.373,0.025,1.577,0.028,ID
2007,1,22,0,18,58.14,-21.52473,-68.33044,137.29,2.623,0.021,2.639,0.021,ID
2007,1,22,1,34,32.17,-21.19407,-70.2604,45.18,1.123,0.021,1.382,0.016,P2
2007,1,22,2,2,1.37,-21.22467,-68.70206,90.22,0.904,0.021,1.166,0.019,ID
2007,1,22,2,12,20.92,-21.56839,-69.84334,34.51,0.918,0.02,1.145,0.024,UP
2007,1,22,2,25,39.64,-21.20836,-68.59656,134.26,1.861,0.022,1.888,0.024,ID
2007,1,22,2,51,5.59,-20.95769,-69.54529,66.68,1.275,0.027,1.529,0.032,ID
2007,1,22,4,55,39.14,-20.87428,-69.68067,71.72,1.203,0.014,1.452,0.016,P2
2007,1,22,5,14,20.8,-19.67182,-69.19573,101.25,1.544,0.018,1.707,0.022,ID
2007,1,22,6,15,53.58,-21.07706,-68.58609,109.45,1.833,0.029,1.927,0.039,ID
2007,1,22,7,35,53.36,-21.09611,-69.88205,36.91,1.096,0.014,1.315,0.015,UP
2007,1,22,7,40,7.68,-21.20145,-68.80745,102.43,1.56,0.018,1.689,0.018,ID
2007,1,22,7,52,43.3,-20.63435,-69.19107,82.05,1.316,0.026,1.534,0.024,ID
2007,1,22,8,5,53.3,-20.73189,-68.85499,102.87,1.314,0.03,1.482,0.033,ID
2007,1,22,8,52,14.07,-20.15479,-69.19347,89.39,1.496,0.024,1.683,0.028,ID
2007,1,22,8,55,23.09,-20.55459,-70.12596,55.41,1.455,0.024,1.712,0.039,P2
2007,1,22,9,12,32.95,-21.54153,-69.95146,39.03,1.808,0.026,2.008,0.03,UP
2007,1,22,9,22,18.2,-20.48704,-69.2628,88.34,0.965,0.023,1.211,0.015,ID
2007,1,22,9,49,31.38,-21.30824,-69.79442,83.72,1.564,0.023,1.777,0.024,P3
2007,1,22,10,32,11.07,-22.03455,-68.63504,111.8,2.365,0.027,2.474,0.028,ID
2007,1,22,11,15,14.42,-21.52965,-68.33204,151.02,2.588,0.022,2.577,0.021,ID
2007,1,22,13,2,26.09,-21.1131,-68.96165,109.44,1.372,0.016,1.489,0.024,ID
2007,1,22,14,29,22.53,-21.21265,-69.21108,38.32,1.268,0.029,1.489,0.022,UP
2007,1,22,14,34,28.46,-21.72513,-68.50177,139.44,2.483,0.019,2.479,0.022,ID
2007,1,22,15,2,31.66,-20.04166,-69.15865,94.26,1.364,0.02,1.537,0.02,ID
2007,1,22,15,56,29.86,-21.02178,-68.78247,5.52,1.745,0.082,2.014,0.067,MI
2007,1,22,16,59,16.8,-20.0022,-69.18095,102.04,1.914,0.012,2.049,0.018,ID
2007,1,22,17,39,3.64,-20.95972,-68.6424,5.08,1.525,0.029,1.722,0.046,MI
2007,1,22,18,1,20.04,-21.86728,-69.82204,66.52,1.859,0.04,2.087,0.043,P2
2007,1,22,18,57,39.6,-19.8766,-69.93602,63.34,1.02,0.025,1.291,0.032,P2
2007,1,22,19,35,36.36,-21.44752,-68.37606,100.61,1.472,0.028,1.607,0.028,ID
2007,1,22,23,47,5.24,-20.90826,-69.64924,10.11,1.403,0.026,1.628,0.024,MI
2007,1,23,0,17,54.92,-21.92335,-68.4519,117.48,2.438,0.005,2.495,0.011,ID
2007,1,23,0,30,0.91,-21.90827,-68.81615,116.3,1.736,0.035,1.805,0.037,ID
2007,1,23,0,41,46.95,-20.91188,-68.89574,99.1,1.443,0.016,1.617,0.014,ID
2007,1,23,1,27,30.19,-20.87058,-70.16399,68.39,2.065,0.023,2.346,0.031,P3
2007,1,23,2,44,7.05,-20.8016,-69.09559,104.49,1.411,0.016,1.554,0.02,ID
2007,1,23,3,6,56.87,-20.36198,-69.41123,88.59,3.034,0.028,3.267,0.037,ID
2007,1,23,4,34,13.1,-20.71585,-70.63492,22.94,2.038,0.028,2.252,0.022,P1
2007,1,23,5,51,21.78,-21.16954,-68.90362,97.18,1.358,0.015,1.536,0.02,ID
2007,1,23,6,23,25.14,-21.90878,-68.45334,112.48,2.285,0.027,2.362,0.032,ID
2007,1,23,9,42,27.26,-22.08665,-68.58266,119.27,2.226,0.013,2.283,0.011,ID
2007,1,23,10,10,22.33,-21.12729,-68.80888,106.89,1.932,0.027,2.058,0.028,ID
2007,1,23,10,53,18.8,-21.11089,-68.91923,109.33,1.6,0.022,1.729,0.016,ID
2007,1,23,12,19,38.18,-20.92125,-69.78616,28.9,0.96,0.022,1.197,0.02,UP
2007,1,23,15,46,33.41,-21.0043,-68.81579,2.36,1.562,0.016,1.774,0.016,MI
2007,1,23,16,29,20.88,-21.81802,-70.15047,64.87,1.509,0.02,1.751,0.024,P3
2007,1,23,17,2,2.92,-20.83632,-69.13547,108.23,1.888,0.02,1.996,0.021,ID
2007,1,23,17,10,48.78,-19.69104,-69.30156,99.02,1.978,0.018,2.166,0.016,ID
2007,1,23,17,37,18.8,-21.58672,-68.49277,101.6,2.39,0.038,2.568,0.012,ID
2007,1,23,20,13,29.7,-21.05356,-68.97896,113.34,2.742,0.033,2.859,0.035,ID
2007,1,23,20,23,40.82,-20.1285,-69.16598,94.56,2.67,0.029,2.874,0.032,ID
2007,1,23,22,22,17.6,-21.30676,-68.83885,107.14,1.359,0.021,1.518,0.021,ID
2007,1,23,22,30,23.8,-21.57794,-68.45295,113.67,2.462,0.014,2.54,0.018,ID
2007,1,23,22,42,15.28,-20.0601,-69.12417,93.77,2.02,0.025,2.19,0.029,ID
2007,1,23,23,53,18.56,-21.17795,-68.03766,177.72,2.578,0.022,2.571,0.027,ID
2007,1,24,1,1,24.22,-20.01367,-69.19056,96.41,1.305,0.031,1.491,0.029,ID
2007,1,24,1,28,17.48,-20.14519,-69.15862,98.92,2.067,0.02,2.214,0.017,ID
2007,1,24,2,2,54.23,-20.81406,-69.12069,103.36,1.586,0.026,1.723,0.025,ID
2007,1,24,2,59,0.85,-22.06416,-67.51549,190.06,3.243,0.038,3.236,0.03,NN
2007,1,24,3,2,42.76,-21.10733,-68.88753,109.78,1.906,0.014,1.994,0.012,ID
2007,1,24,3,22,45.67,-21.50345,-68.29586,150.5,1.963,0.029,1.98,0.028,ID
2007,1,24,3,27,46.95,-21.72638,-70.33532,30.78,1.05,0.025,1.27,0.033,UP
2007,1,24,5,42,2.7,-20.70891,-69.0505,105.02,1.178,0.029,1.354,0.024,ID
2007,1,24,5,47,52.02,-21.92902,-68.41261,119.47,2.943,0.037,2.995,0.039,ID
2007,1,24,6,9,38.31,-22.03224,-68.68229,115.76,2.338,0.025,2.415,0.022,ID
2007,1,24,7,11,12.81,-19.96856,-69.17884,100.45,2.041,0.016,2.197,0.018,ID
2007,1,24,7,13,29.98,-20.8705,-70.07926,31.53,1.126,0.018,1.357,0.014,UP
2007,1,24,8,54,49.13,-21.45806,-68.35784,121.6,2.784,0.031,2.862,0.029,ID
2007,1,24,9,30,56.07,-21.84806,-68.47393,109.42,2.471,0.018,2.572,0.024,ID
2007,1,24,9,42,55.59,-21.55728,-68.27202,152.72,1.935,0.024,1.981,0.027,ID
2007,1,24,11,31,59.69,-21.17055,-70.17708,69.44,2.402,0.027,2.66,0.024,P3
2007,1,24,11,43,23.79,-21.12036,-68.997,110.67,1.58,0.021,1.685,0.02,ID
2007,1,24,12,17,11.42,-20.02174,-69.18609,96.14,1.556,0.021,1.719,0.025,ID
2007,1,24,13,3,25.52,-20.84161,-69.15191,104.11,1.501,0.019,1.636,0.024,ID
2007,1,24,13,5,29.82,-20.99318,-68.81871,110.49,1.562,0.02,1.671,0.017,ID
2007,1,24,13,10,14.82,-20.93102,-68.70688,127.11,2.005,0.02,2.062,0.024,ID
2007,1,24,14,14,2.58,-21.75493,-68.67456,120.9,2.15,0.04,2.192,0.045,ID
2007,1,24,14,18,28.4,-20.89764,-70.3947,62.37,2.657,0.037,2.948,0.042,P3
2007,1,24,15,30,56.02,-21.5012,-69.62463,25.71,1.137,0.019,1.297,0.01,UP
2007,1,24,15,39,53.31,-20.55714,-69.24737,101.87,1.251,0.026,1.45,0.016,ID
2007,1,24,16,25,43.41,-21.08327,-68.94929,107.1,1.632,0.028,1.741,0.024,ID
2007,1,24,18,3,47.2,-20.84479,-68.87013,100.23,2.807,0.034,2.975,0.039,ID
2007,1,24,18,37,17.24,-20.71087,-70.61683,23.27,1.972,0.016,2.145,0.019,P1
2007,1,24,19,49,7.0,-21.28151,-68.75525,106.86,1.604,0.021,1.719,0.024,ID
2007,1,24,20,11,18.0,-21.17501,-68.47563,120.39,2.479,0.017,2.532,0.018,ID
2007,1,24,23,17,59.02,-20.0995,-69.18724,94.09,1.68,0.018,1.847,0.018,ID
2007,1,25,1,4,51.92,-21.80689,-68.83062,106.0,1.58,0.016,1.719,0.017,ID
2007,1,25,3,33,49.87,-20.02567,-69.18239,102.2,3.457,0.05,3.676,0.047,ID
2007,1,25,3,59,14.89,-21.10139,-68.79548,107.81,1.71,0.022,1.822,0.033,ID
2007,1,25,5,52,35.58,-21.76228,-68.48193,118.72,2.718,0.027,2.784,0.025,ID
2007,1,25,6,36,56.71,-19.78998,-69.29836,99.01,2.225,0.02,2.361,0.017,ID
2007,1,25,7,11,5.2,-21.26373,-69.7031,56.91,1.508,0.024,1.736,0.02,P1
2007,1,25,7,50,8.82,-22.4238,-68.63254,115.31,3.339,0.025,3.467,0.029,ID
2007,1,25,8,7,53.84,-20.40457,-69.32327,107.15,2.319,0.02,2.42,0.02,ID
2007,1,25,8,26,8.09,-20.86519,-68.51714,111.66,1.929,0.04,2.043,0.038,ID
2007,1,25,8,44,45.88,-21.82577,-68.46583,119.92,2.904,0.016,2.977,0.017,ID
2007,1,25,13,5,7.85,-21.9694,-68.64825,106.46,2.047,0.025,2.147,0.024,ID
2007,1,25,13,25,31.38,-20.67477,-69.12548,109.8,1.702,0.016,1.818,0.015,ID
2007,1,25,13,40,36.24,-20.13906,-69.16186,95.86,1.948,0.011,2.1,0.012,ID
2007,1,25,14,6,15.3,-20.49007,-69.02184,99.84,1.689,0.021,1.834,0.023,ID
2007,1,25,14,47,17.04,-21.20788,-67.87924,153.74,2.625,0.037,2.612,0.027,NN
2007,1,25,15,8,46.46,-21.19493,-68.5933,118.33,1.846,0.014,1.921,0.013,ID
2007,1,25,16,6,22.25,-21.08708,-68.912,108.45,1.827,0.017,1.923,0.02,ID
2007,1,25,16,33,17.97,-22.78384,-69.284,0.83,1.791,0.033,1.975,0.038,MI
2007,1,25,17,19,28.44,-20.81228,-69.10791,101.51,1.503,0.018,1.632,0.018,ID
2007,1,25,17,39,19.48,-21.59227,-68.43022,118.47,2.438,0.019,2.492,0.021,ID
2007,1,25,18,39,57.52,-21.21899,-68.40645,119.56,1.916,0.018,1.993,0.025,ID
2007,1,25,23,1,40.34,-21.32845,-68.7396,118.17,2.843,0.026,2.926,0.03,ID
2007,1,26,0,15,9.22,-20.46254,-70.42667,41.13,2.318,0.034,2.588,0.039,P2
2007,1,26,0,56,51.0,-20.83957,-68.96187,97.89,1.3,0.029,1.481,0.026,ID
2007,1,26,1,51,30.45,-19.8303,-70.5046,49.57,1.766,0.022,2.027,0.024,P2
2007,1,26,3,38,57.84,-20.71252,-68.89766,95.97,2.38,0.029,2.548,0.029,ID
2007,1,26,3,41,37.13,-20.30392,-69.03379,99.53,1.266,0.031,1.475,0.05,ID
2007,1,26,4,48,38.87,-20.22985,-69.21896,87.58,1.885,0.026,2.057,0.026,ID
2007,1,26,4,52,22.47,-20.17382,-69.15367,99.44,2.135,0.012,2.27,0.016,ID
2007,1,26,4,56,21.68,-20.17343,-69.64319,39.82,1.359,0.037,1.578,0.037,UP
2007,1,26,5,40,46.65,-22.27458,-67.52276,174.86,2.406,0.035,2.394,0.028,NN
2007,1,26,7,41,23.67,-21.35412,-70.24849,38.68,1.764,0.028,1.999,0.031,P1
2007,1,26,8,28,42.18,-20.70569,-69.11853,87.36,1.411,0.015,1.611,0.021,ID
2007,1,26,9,16,49.77,-21.13956,-68.88235,113.2,3.383,0.042,3.531,0.04,ID
2007,1,26,10,47,9.19,-21.20443,-68.72513,116.67,1.493,0.038,1.608,0.041,ID
2007,1,26,10,59,19.97,-20.39396,-68.96039,96.3,1.387,0.015,1.564,0.015,ID
2007,1,26,11,16,52.79,-21.71647,-68.6779,143.66,2.102,0.025,2.089,0.018,NN
2007,1,26,11,37,46.58,-20.54293,-68.91767,99.55,1.883,0.027,2.061,0.029,ID
2007,1,26,12,55,51.57,-19.25114,-69.1491,119.67,2.403,0.035,2.453,0.029,ID
2007,1,26,16,30,38.39,-20.83658,-69.14514,107.81,3.053,0.052,3.219,0.047,ID
2007,1,26,16,32,54.51,-20.85274,-68.85918,98.77,1.689,0.019,1.841,0.019,ID
2007,1,26,16,58,23.67,-21.94342,-69.60861,47.86,1.296,0.02,1.509,0.016,UP
2007,1,26,17,5,30.32,-20.21425,-68.78045,118.76,3.58,0.029,3.698,0.025,ID
2007,1,26,17,29,23.32,-20.96501,-68.70249,2.63,1.56,0.025,1.742,0.015,MI
2007,1,26,19,52,52.96,-21.00315,-68.81452,3.27,1.574,0.033,1.83,0.043,MI
2007,1,26,20,21,20.0,-22.30683,-68.9464,7.53,1.609,0.02,1.839,0.029,MI
2007,1,27,0,49,41.62,-21.14148,-68.37736,117.95,3.261,0.034,3.347,0.041,ID
2007,1,27,1,5,24.23,-20.29417,-69.23878,94.66,3.63,0.044,3.811,0.053,ID
2007,1,27,1,46,27.44,-21.66952,-68.48932,142.39,1.972,0.016,1.989,0.024,ID
2007,1,27,6,13,25.61,-19.88133,-69.19674,97.44,1.532,0.022,1.703,0.024,ID
2007,1,27,6,20,18.57,-20.25735,-69.1262,97.21,2.002,0.02,2.141,0.026,ID
2007,1,27,6,44,8.77,-20.15257,-69.16801,99.61,1.95,0.03,2.091,0.031,ID
2007,1,27,7,7,15.95,-21.499,-69.98704,53.63,1.004,0.017,1.276,0.016,P2
2007,1,27,7,15,50.01,-19.96456,-69.34583,111.52,1.826,0.025,1.928,0.024,ID
2007,1,27,11,20,41.39,-21.70254,-68.34825,109.16,2.459,0.027,2.57,0.03,ID
2007,1,27,11,41,15.38,-20.97818,-68.73798,8.05,1.544,0.012,1.72,0.018,MI
2007,1,27,12,6,52.35,-21.18852,-68.84342,108.9,1.785,0.02,1.896,0.017,ID
2007,1,27,12,46,36.26,-22.05598,-70.12052,72.56,2.051,0.025,2.293,0.028,P3
2007,1,27,16,4,55.67,-21.46043,-68.37176,129.37,2.292,0.037,2.318,0.037,ID
2007,1,27,17,48,52.5,-21.05607,-68.9912,108.1,2.303,0.021,2.422,0.023,ID
2007,1,27,18,54,10.28,-21.106,-69.89174,21.98,1.693,0.019,1.887,0.024,UP
2007,1,27,19,52,34.1,-21.00584,-68.81514,1.3,1.597,0.016,1.785,0.016,MI
2007,1,27,20,40,41.82,-22.2316,-68.73154,103.78,3.512,0.026,3.725,0.026,ID
2007,1,27,23,56,35.06,-21.00266,-68.42604,131.11,2.415,0.017,2.451,0.022,ID
2007,1,28,0,5,31.21,-20.96858,-68.80121,103.95,2.103,0.023,2.289,0.039,ID
2007,1,28,0,12,46.75,-21.8032,-68.61412,99.39,1.365,0.038,1.561,0.025,ID
2007,1,28,0,23,45.63,-20.75215,-67.97043,176.0,2.659,0.029,2.658,0.037,NN
2007,1,28,0,40,27.61,-19.56715,-69.24797,11.03,1.496,0.05,1.636,0.053,UP
2007,1,28,3,17,46.5,-21.15574,-68.82928,102.41,1.623,0.019,1.764,0.017,ID
2007,1,28,4,23,16.88,-21.08445,-68.97118,111.33,1.972,0.023,2.064,0.019,ID
2007,1,28,5,16,34.33,-22.02145,-68.69552,104.74,2.343,0.029,2.454,0.032,ID
2007,1,28,7,16,23.76,-20.93905,-68.74733,98.57,1.769,0.028,1.927,0.028,ID
2007,1,28,7,56,53.23,-21.25489,-68.76536,113.82,1.714,0.025,1.808,0.024,ID
2007,1,28,9,12,59.62,-20.86765,-69.02056,108.44,1.438,0.019,1.574,0.02,ID
2007,1,28,9,36,37.91,-21.22817,-68.3668,115.74,1.897,0.016,1.976,0.024,ID
2007,1,28,12,22,11.24,-20.5894,-69.10849,87.2,2.29,0.021,2.465,0.029,ID
2007,1,28,12,46,56.9,-21.3545,-68.29753,109.59,1.64,0.025,1.773,0.021,ID
2007,1,28,13,20,48.62,-21.2443,-68.72087,116.23,1.954,0.015,2.047,0.017,ID
2007,1,28,13,46,30.8,-20.14742,-69.25292,99.38,1.71,0.019,1.847,0.016,ID
2007,1,28,15,56,5.41,-20.62626,-68.9228,104.98,2.713,0.025,2.858,0.013,ID
2007,1,28,15,58,47.25,-20.4205,-70.09836,55.07,1.389,0.028,1.655,0.029,P2
2007,1,28,16,33,57.26,-19.97483,-69.16934,99.1,1.672,0.015,1.841,0.013,ID
2007,1,28,16,58,36.67,-20.97022,-68.69125,2.78,1.702,0.024,1.872,0.028,MI
2007,1,28,23,54,59.6,-21.12522,-68.85852,110.17,1.758,0.012,1.86,0.012,ID
2007,1,29,0,0,52.12,-21.02698,-68.65841,112.29,1.4,0.034,1.555,0.02,ID
2007,1,29,0,34,49.5,-21.76372,-68.5884,139.32,2.065,0.015,2.093,0.022,ID
2007,1,29,2,6,25.79,-20.47105,-68.95356,97.1,1.494,0.023,1.669,0.026,ID
2007,1,29,2,13,25.01,-21.76744,-68.38869,126.72,2.209,0.028,2.213,0.031,ID
2007,1,29,4,23,52.42,-20.0918,-69.19331,93.33,1.192,0.018,1.403,0.015,ID
2007,1,29,4,46,25.04,-22.86195,-68.99493,107.33,3.666,0.021,3.824,0.018,ID
2007,1,29,5,5,36.09,-19.50604,-69.23116,9.15,2.934,0.03,3.07,0.033,UP
2007,1,29,5,19,53.47,-21.04558,-69.00022,100.09,1.604,0.016,1.756,0.014,ID
2007,1,29,6,24,3.7,-20.19133,-68.05024,174.87,2.499,0.035,2.478,0.039,ID
2007,1,29,8,6,57.02,-21.12155,-70.10721,67.66,0.988,0.017,1.249,0.02,P3
2007,1,29,9,37,51.61,-19.78609,-69.17587,102.23,1.291,0.016,1.461,0.017,ID
2007,1,29,10,14,14.88,-20.47984,-68.97559,111.99,1.875,0.025,2.017,0.026,ID
2007,1,29,11,3,19.9,-20.89997,-68.73955,109.1,2.066,0.027,2.184,0.018,ID
2007,1,29,11,21,22.34,-21.57119,-68.50046,110.88,1.459,0.022,1.598,0.019,ID
2007,1,29,12,27,8.18,-21.7501,-67.33794,184.6,3.039,0.057,2.996,0.061,NN
2007,1,29,12,48,22.23,-21.35926,-68.39819,108.18,1.642,0.015,1.763,0.021,ID
2007,1,29,13,16,1.31,-19.56964,-69.23235,9.86,3.887,0.025,4.048,0.025,UP
2007,1,29,14,1,1.87,-21.14548,-68.87049,110.82,1.664,0.016,1.767,0.012,ID
2007,1,29,14,5,13.56,-19.64802,-69.4014,97.26,1.799,0.027,1.963,0.031,ID
2007,1,29,14,19,46.1,-22.3865,-68.61961,102.93,1.727,0.03,1.862,0.027,ID
2007,1,29,15,49,51.3,-21.31471,-69.39627,97.2,1.459,0.019,1.621,0.023,P3
2007,1,29,16,21,42.6,-21.31219,-67.98269,173.13,2.553,0.023,2.543,0.026,NN
2007,1,29,17,27,45.48,-21.66566,-68.24237,114.43,2.482,0.04,2.546,0.033,ID
2007,1,29,20,15,11.38,-21.57245,-68.40033,128.79,2.212,0.025,2.252,0.056,ID
2007,1,29,20,52,21.64,-21.61514,-68.37969,128.63,2.934,0.024,2.958,0.027,ID
2007,1,29,21,18,16.76,-20.82687,-69.01514,113.64,1.801,0.019,1.883,0.013,ID
2007,1,29,23,49,28.44,-21.39061,-70.54009,49.7,0.961,0.04,1.25,0.047,P3
2007,1,29,23,55,28.36,-20.9148,-68.81247,99.79,1.741,0.015,1.907,0.02,ID
2007,1,30,0,8,55.5,-21.58485,-68.43091,120.49,1.978,0.022,2.051,0.031,ID
2007,1,30,0,28,27.47,-20.5122,-69.05068,96.36,1.5,0.015,1.667,0.018,ID
2007,1,30,3,12,23.78,-20.72366,-68.92088,97.29,1.347,0.011,1.529,0.013,ID
2007,1,30,3,34,27.59,-20.47281,-68.77427,107.0,1.263,0.025,1.434,0.02,ID
2007,1,30,6,31,56.28,-20.85887,-69.09583,109.55,1.389,0.02,1.498,0.02,ID
2007,1,30,6,33,24.25,-21.08275,-68.86262,108.08,1.321,0.009,1.481,0.011,ID
2007,1,30,7,35,27.76,-19.58154,-69.31613,18.51,1.356,0.032,1.512,0.039,UP
2007,1,30,8,29,3.9,-21.04511,-68.9433,112.12,1.305,0.041,1.433,0.041,ID
2007,1,30,11,14,49.59,-21.84275,-68.55784,121.56,2.643,0.035,2.674,0.039,ID
2007,1,30,11,33,43.98,-20.99461,-68.92153,106.24,2.845,0.017,2.991,0.026,ID
2007,1,30,14,48,18.14,-21.09775,-68.91236,111.3,2.219,0.012,2.321,0.012,ID
2007,1,30,17,26,37.74,-21.01036,-68.96182,108.11,1.268,0.012,1.402,0.012,ID
2007,1,30,17,43,44.64,-22.80422,-69.24061,2.73,1.911,0.024,2.098,0.031,MI
2007,1,30,19,34,18.76,-21.37317,-68.43996,105.51,2.005,0.027,2.121,0.029,ID
2007,1,30,20,50,37.42,-20.55107,-69.10751,105.75,1.697,0.036,1.813,0.03,ID
2007,1,30,22,3,37.72,-21.19882,-68.11057,156.84,2.2,0.025,2.202,0.021,ID
2007,1,30,22,32,3.72,-20.3911,-69.97613,51.63,1.761,0.031,2.012,0.036,P1
2007,1,31,2,21,46.16,-20.80078,-69.02229,101.1,1.326,0.02,1.481,0.021,ID
2007,1,31,3,15,15.02,-22.10075,-68.87345,110.06,1.357,0.029,1.49,0.031,ID
2007,1,31,5,26,41.59,-21.04096,-68.67776,117.2,1.985,0.031,2.049,0.031,ID
2007,1,31,5,35,3.64,-20.14109,-69.01995,105.01,1.451,0.023,1.597,0.022,ID
2007,1,31,6,1,11.45,-21.71504,-67.6623,203.22,2.494,0.03,2.451,0.027,NN
2007,1,31,7,4,53.29,-22.0539,-68.59113,109.45,2.649,0.017,2.774,0.014,ID
2007,1,31,8,37,43.23,-20.81729,-69.06684,104.7,1.418,0.018,1.569,0.019,ID
2007,1,31,9,17,18.37,-21.06948,-68.85564,117.44,3.461,0.027,3.587,0.025,ID
2007,1,31,9,33,3.38,-19.97559,-69.18861,98.16,1.438,0.016,1.596,0.022,ID
2007,1,31,10,7,58.03,-20.60412,-69.21691,112.56,3.243,0.033,3.337,0.033,ID
2007,1,31,10,32,13.9,-20.11583,-69.16134,93.4,2.056,0.021,2.208,0.021,ID
2007,1,31,11,53,16.3,-20.10568,-69.1565,95.24,1.64,0.014,1.809,0.013,ID
2007,1,31,13,26,55.82,-20.9526,-70.27291,43.93,2.54,0.034,2.805,0.043,P2
2007,1,31,14,59,6.46,-20.89202,-69.10284,110.23,1.471,0.024,1.584,0.022,ID
2007,1,31,16,44,52.99,-22.37423,-70.23502,2.83,1.561,0.021,1.76,0.018,MI
2007,1,31,17,21,58.6,-19.98682,-69.17181,96.46,1.986,0.012,2.138,0.01,ID
2007,1,31,17,25,2.4,-21.48551,-68.46834,118.3,1.631,0.036,1.688,0.028,ID
2007,1,31,17,32,7.2,-22.1503,-68.828,120.94,2.68,0.021,2.716,0.02,ID
2007,1,31,18,18,38.6,-21.07687,-68.96397,108.11,1.376,0.029,1.518,0.02,ID
2007,1,31,19,30,22.2,-20.94159,-69.98982,78.51,2.445,0.022,2.706,0.028,P3
2007,1,31,19,35,28.68,-20.99583,-68.82324,0.47,1.481,0.02,1.752,0.04,MI
2007,1,31,19,57,21.74,-20.01613,-69.18554,99.16,2.22,0.023,2.378,0.027,ID
2007,1,31,21,22,20.96,-19.99761,-69.18062,95.27,2.225,0.022,2.407,0.021,ID
2007,1,31,23,22,43.92,-21.10787,-68.83479,113.6,2.772,0.032,2.853,0.036,ID
2007,2,1,0,7,47.87,-21.11832,-68.62348,111.68,1.846,0.017,1.948,0.02,ID
